<?xml version="1.0" encoding="utf-8"?>
<extension type="module" version="3.6" client="administrator" method="upgrade">
	<name>MOD_CUSTOMADMIN</name>
	<author>Javi Mata</author>
	<creationDate>August 2018</creationDate>
	<copyright>Copyright (C) 2010 - 2016 JoomShaper. All rights reserved.</copyright>
	<license>GNU General Public License version 2 or later; see LICENSE.txt</license>
	<authorEmail>javimata@gmail.com</authorEmail>
	<authorUrl>www.javimata.com</authorUrl>
	<version>0.0.9 BETA 1</version>
	<description>MOD_CUSTOMADMIN_XML_DESCRIPTION</description>

    <updateservers>
        <server type="extension" name="Custom Admin" priority="1">http://updates.javimata.com/mod_customadmin.xml</server>
    </updateservers>

	<files>
		<filename module="mod_customadmin">mod_customadmin.php</filename>
		<filename>helper.php</filename>
		<filename>index.html</filename>
		<folder>assets</folder>
		<folder>form</folder>
		<folder>language</folder>
		<folder>tmpl</folder>
	</files>

	<config>
		<fields name="params">

			<fieldset name="basic">

				<field name="notaintro" type="note" label="Important Note" class="alert" description="This module use the icons for Fontawesome 5, for a list of icons visit the site: &lt;a href='https://fontawesome.com/icons?d=gallery&amp;m=free' target='_blank'&gt;www.fontawesome.com/icons&lt;/a&gt;" />

				<field name="icons" type="subform"
				    formsource="administrator/modules/mod_customadmin/form/icons.xml" multiple="true"
				    label="MOD_CUSTOMADMIN_ICONS_LABEL" description="MOD_CUSTOMADMIN_ICONS_DESC" layout="joomla.form.field.subform.repeatable-table" />
					
			</fieldset>

			<fieldset name="advanced">
				<field name="layout" type="modulelayout" label="Layout" />
			</fieldset>

		</fields>
	</config>
</extension>