<?xml version="1.0" encoding="UTF-8" ?>
<extension type="package" version="3.6" method="upgrade">
  <name>Pack Custom Admin</name>
  <author>@Javi_Mata</author>
  <creationDate>September 2018</creationDate>
  <packagename>customadmin</packagename>
  <version>1.0.0</version>
  <url>https://github.com/javimata/customadmin</url>
  <packager>@Javi_Mata</packager>
  <packagerurl>https://www.javimata.com/</packagerurl>
  <description>Pack Custom Admin</description>
  <scriptfile>install.php</scriptfile>
  <update>http://updates.javimata.com/pkg_customadmin.xml</update>

  <files folder="packages">
    <file type="plugin" id="customadmin" group="system" enabled="true">plg_customadmin.zip</file>
    <file type="module" id="mod_customadmin" client="administrator" enabled="true">mod_customadmin.zip</file>
  </files>

</extension>